FileName,FilePath,Title
20250928_173025.jpg,C:/Users/mmcel/Downloads/AI Agents - Build\20250928_173025.jpg,Supercharge Your Workflow with Multi-Agents
20251009_011445.jpg,C:/Users/mmcel/Downloads/AI Agents - Build\20251009_011445.jpg,How to Build an AI Agent
20251017_201405.jpg,C:/Users/mmcel/Downloads/AI Agents - Build\20251017_201405.jpg,How to Build an AI Agent
20251019_210203.jpg,C:/Users/mmcel/Downloads/AI Agents - Build\20251019_210203.jpg,Agenic AI Tech Stack
20251026_162619.jpg,C:/Users/mmcel/Downloads/AI Agents - Build\20251026_162619.jpg,The Ultimate Tool Stack For AI Agents
20251027_003812.jpg,C:/Users/mmcel/Downloads/AI Agents - Build\20251027_003812.jpg,What is an AI Agent?
20251107_215310.jpg,C:/Users/mmcel/Downloads/AI Agents - Build\20251107_215310.jpg,Top 6 Agentic AI Design Patterns
20251112_105504.jpg,C:/Users/mmcel/Downloads/AI Agents - Build\20251112_105504.jpg,Build AI Agents from Scratch
20251112_112452.jpg,C:/Users/mmcel/Downloads/AI Agents - Build\20251112_112452.jpg,13 Practical Steps for Creating AN AI Agent
20251112_175657.jpg,C:/Users/mmcel/Downloads/AI Agents - Build\20251112_175657.jpg,AI Agents For Everything
20251112_180439.jpg,C:/Users/mmcel/Downloads/AI Agents - Build\20251112_180439.jpg,6 Stage of AI Agent Development
20251118_224622.jpg,C:/Users/mmcel/Downloads/AI Agents - Build\20251118_224622.jpg,How to Build Agenic AI Systems
20251125_131835.jpg,C:/Users/mmcel/Downloads/AI Agents - Build\20251125_131835.jpg,Use this prompt to build your first AI Agent for content creation
20251127_210551.jpg,C:/Users/mmcel/Downloads/AI Agents - Build\20251127_210551.jpg,Agentic AI Terminologies
20251128_112536.jpg,C:/Users/mmcel/Downloads/AI Agents - Build\20251128_112536.jpg,How AI Agents Use Memory Systems
20251129_194025.jpg,C:/Users/mmcel/Downloads/AI Agents - Build\20251129_194025.jpg,How to Build Multimodal AI Agents
20251129_195843.jpg,C:/Users/mmcel/Downloads/AI Agents - Build\20251129_195843.jpg,RAG Developer's Stack
20251130_173206.jpg,C:/Users/mmcel/Downloads/AI Agents - Build\20251130_173206.jpg,How to Build AI Agents from Scratch
20251203_171732.jpg,C:/Users/mmcel/Downloads/AI Agents - Build\20251203_171732.jpg,Agenic Search Workflow
20251205_082334.jpg,C:/Users/mmcel/Downloads/AI Agents - Build\20251205_082334.jpg,Top 4 Agenic Design Patterns
20251207_125349.jpg,C:/Users/mmcel/Downloads/AI Agents - Build\20251207_125349.jpg,Steps to Build Your First AI Agent
20251209_000730.jpg,C:/Users/mmcel/Downloads/AI Agents - Build\20251209_000730.jpg,Top 6 Design Patterns for Agenic AI
20251210_092332.jpg,C:/Users/mmcel/Downloads/AI Agents - Build\20251210_092332.jpg,Top 5 Types of AI Agents
20251210_092512.jpg,C:/Users/mmcel/Downloads/AI Agents - Build\20251210_092512.jpg,7 Pillars of Agenic AI Systems
20251212_141905.jpg,C:/Users/mmcel/Downloads/AI Agents - Build\20251212_141905.jpg,RAG vs Agenic RAG
20251212_192405.jpg,C:/Users/mmcel/Downloads/AI Agents - Build\20251212_192405.jpg,AGENT SKILLS
c401-c8e4-4f6b-982a-3a664d9608e4.gif,C:/Users/mmcel/Downloads/AI Agents - Build\c401-c8e4-4f6b-982a-3a664d9608e4.gif,Top 4 Agent Frameworks Powering AI Agents in 2025-26
G0VoV7iWgAAxfsy.jpg,C:/Users/mmcel/Downloads/AI Agents - Build\G0VoV7iWgAAxfsy.jpg,5 AI AGENTS
GfitKlQXgAAfQdO.jpg,C:/Users/mmcel/Downloads/AI Agents - Build\GfitKlQXgAAfQdO.jpg,Free Useful AI Tools
GtSFHw6agAAv8vQ.png,C:/Users/mmcel/Downloads/AI Agents - Build\GtSFHw6agAAv8vQ.png,Function Calling & MCP for AI Agents
GttbPqoXQAEn25j.png,C:/Users/mmcel/Downloads/AI Agents - Build\GttbPqoXQAEn25j.png,How to Build an AI Agent
GtVj9ZLbMAYckvf.jpg,C:/Users/mmcel/Downloads/AI Agents - Build\GtVj9ZLbMAYckvf.jpg,An AI Applicaton Stack for Building RAG Apps
GuE_IbfXkAAjZd4.png,C:/Users/mmcel/Downloads/AI Agents - Build\GuE_IbfXkAAjZd4.png,Top 8 AI Agent Frameworks & Tools
GuYi1KbbEAAhlSP.jpg,C:/Users/mmcel/Downloads/AI Agents - Build\GuYi1KbbEAAhlSP.jpg,RAG vs Agenic RAG
GvjKNXXakAAi4Nv.png,C:/Users/mmcel/Downloads/AI Agents - Build\GvjKNXXakAAi4Nv.png,20 Different Types of RAG Techniques
GwrHgnJXEAATEY4.jpg,C:/Users/mmcel/Downloads/AI Agents - Build\GwrHgnJXEAATEY4.jpg,Which LLM Should Power Your AI Agents?
Gzvo9zvakAALPor.jpg,C:/Users/mmcel/Downloads/AI Agents - Build\Gzvo9zvakAALPor.jpg,10 Mistakes to Avoid While Creating an AI Agents
SaveTwitter.Net_GcqtVkNbcAAK4rM_(gif).gif,C:/Users/mmcel/Downloads/AI Agents - Build\SaveTwitter.Net_GcqtVkNbcAAK4rM_(gif).gif,4 Strategies for Multi-GPU Training
SaveTwitter.Net_GdOxMEJaMAAWOh3_(gif).gif,C:/Users/mmcel/Downloads/AI Agents - Build\SaveTwitter.Net_GdOxMEJaMAAWOh3_(gif).gif,Traditional RAG vs. HyDE
X2Twitter.com_G5dPuilXsAANi0L.jpg,C:/Users/mmcel/Downloads/AI Agents - Build\X2Twitter.com_G5dPuilXsAANi0L.jpg,Top 15 AI Agent Builders in 2025
X2Twitter.com_G7GNTIsXsAAOxFO.jpg,C:/Users/mmcel/Downloads/AI Agents - Build\X2Twitter.com_G7GNTIsXsAAOxFO.jpg,How to Build AI Agents from Scratch
X2Twitter.com_G7_Uzuib0AA8nn2.jpg,C:/Users/mmcel/Downloads/AI Agents - Build\X2Twitter.com_G7_Uzuib0AA8nn2.jpg,AI AGENT vs RPA Vs API BaseD
